doc_id,mention_count,inferred_status,source_conversation_uuids,sample_context
CST8182,17,referenced,058fa9f6-21ca-4aa8-b143-2629ed178b64; 0edf1885-18bb-4795-b648-bc2132bef2da; 12d65c42-c587-433d-a7e9-56259b79fb2b; 12edd973-84e6-4533-b2e4-57a7ef024237; 244b9f4e-37b6-4847-a563-9d9f9c6b44bc; 380750c0-f54e-47b8-a40b-2feed17a24c1; 3cbd5740-e40b-430e-b901-7a91a6d09f2c; 3f5ca7e9-4f80-44bd-980f-eeb4e94eac89; 50e1dd42-840b-47c1-8f9f-4afa2f5e9b64; 80669f90-3e7c-4a04-8c11-715ba72cc7cd; a5088a81-2f8d-487b-993f-c266d2a1c79a; a71e393b-84ee-4a3b-91b7-09a2b4106f54; abf7025b-7fff-4bc9-ae13-f7dc494f5539; d982d7b9-684b-499e-b32c-f66fcf888b22; e86f7495-450c-42c7-9d2b-a1ed9f756078; ecec0e9f-aef6-49dd-8c6f-408b9ff0866d; f94a0126-9c0a-45ee-910f-e559efb331e5,"workouts, and other activities as recurring weekly events. I've created a comprehensive ICS calendar file based on your detailed weekly schedule! This file includes:  **✅ All Your Classes & Labs:** - "
CST8200,12,referenced,058fa9f6-21ca-4aa8-b143-2629ed178b64; 0b4c96a1-4b58-460e-bf22-b52fb620503f; 1d87c741-469a-42cd-a427-2182a5784b40; 212a938e-06bb-4a86-a736-b39ec3c4fef2; 232472a1-8199-4535-8e32-3488947bfd47; 3f5ca7e9-4f80-44bd-980f-eeb4e94eac89; 43e1390e-1e45-44d1-a065-7a5854aee9a7; 7b804c2c-7e85-4177-b138-1d77da96af89; a34d5dfc-49ca-4164-a8f5-8314f09787d0; bb6a567f-9723-4cc7-8412-8b47d653679b; bca675ef-e8d1-4005-8231-ab35cc8b62db; fc99aa3d-f993-404c-8aee-09bc55305583,"ed in the hours, which pulled your GPA down. Without the W, your GPA on the graded courses would be approximately **3.03** (722.4 ÷ 238.0 hours).  For your **Level 02 courses** currently in progress ("
CST8202,25,referenced,058fa9f6-21ca-4aa8-b143-2629ed178b64; 12edd973-84e6-4533-b2e4-57a7ef024237; 244b9f4e-37b6-4847-a563-9d9f9c6b44bc; 380750c0-f54e-47b8-a40b-2feed17a24c1; 3cbd5740-e40b-430e-b901-7a91a6d09f2c; 3f5ca7e9-4f80-44bd-980f-eeb4e94eac89; 4035f032-cbd9-4925-94ff-d4143ad5b5d5; 50e1dd42-840b-47c1-8f9f-4afa2f5e9b64; 65f32a0c-603e-4d84-935b-7db3018dc56f; 7ddedc37-8f19-4292-b50c-b1f2aae14751; 80669f90-3e7c-4a04-8c11-715ba72cc7cd; 83038cf2-5b23-43db-a207-315f7cc079eb; 8990bf50-c84c-41ca-ab9a-05b4a960aed8; 8bc15e2f-d8f2-49aa-8e23-11ca30222b74; 998cd31c-7e6c-41f1-99cd-477f596b515a; a5088a81-2f8d-487b-993f-c266d2a1c79a; a71e393b-84ee-4a3b-91b7-09a2b4106f54; abf7025b-7fff-4bc9-ae13-f7dc494f5539; c40a54de-b149-4bf6-a723-375b62cdf09d; d90a1f60-1257-44bc-a02e-b2216f428e6a; d982d7b9-684b-499e-b32c-f66fcf888b22; ecec0e9f-aef6-49dd-8c6f-408b9ff0866d; f61cc62d-626b-4418-b759-755873cf5718; fa8c85ce-e371-460a-99e4-dc9e86c1297d; ff74b040-14fb-4a02-afe0-00665b8436b1,detailed weekly schedule! This file includes:  **✅ All Your Classes & Labs:** - CST8182 (Networking Fundamentals) - Theory & Lab sessions - CST8207 (Linux System Support) - Theory & Lab sessions   - C
CST8206,2,complete,058fa9f6-21ca-4aa8-b143-2629ed178b64; 3cbd5740-e40b-430e-b901-7a91a6d09f2c,"**  Removing co-op components, your remaining courses are:  | Level | Course | Hours | |---|---|---| | 02 | CST8200, CST8208, CST8305, CST8315, CST8324 | 294.0 | | 02 | LIB1982 Gen Ed | 42.0 | | 03 | "
CST8207,16,referenced,058fa9f6-21ca-4aa8-b143-2629ed178b64; 0b4c96a1-4b58-460e-bf22-b52fb620503f; 12edd973-84e6-4533-b2e4-57a7ef024237; 380750c0-f54e-47b8-a40b-2feed17a24c1; 3cbd5740-e40b-430e-b901-7a91a6d09f2c; 3f5ca7e9-4f80-44bd-980f-eeb4e94eac89; 50e1dd42-840b-47c1-8f9f-4afa2f5e9b64; 80669f90-3e7c-4a04-8c11-715ba72cc7cd; 83038cf2-5b23-43db-a207-315f7cc079eb; 8990bf50-c84c-41ca-ab9a-05b4a960aed8; a5088a81-2f8d-487b-993f-c266d2a1c79a; a71e393b-84ee-4a3b-91b7-09a2b4106f54; abf7025b-7fff-4bc9-ae13-f7dc494f5539; d982d7b9-684b-499e-b32c-f66fcf888b22; ecec0e9f-aef6-49dd-8c6f-408b9ff0866d; f61cc62d-626b-4418-b759-755873cf5718,'ve created a comprehensive ICS calendar file based on your detailed weekly schedule! This file includes:  **✅ All Your Classes & Labs:** - CST8182 (Networking Fundamentals) - Theory & Lab sessions - 
CST8208,5,referenced,058fa9f6-21ca-4aa8-b143-2629ed178b64; 232472a1-8199-4535-8e32-3488947bfd47; 5c42ba92-3569-4554-87c7-79a04afb5973; b73ff3c0-caf9-40bb-9dfd-186a00baf73a; cbbdfa5e-98e9-48ce-bc08-99b45de0fa69,"hours, which pulled your GPA down. Without the W, your GPA on the graded courses would be approximately **3.03** (722.4 ÷ 238.0 hours).  For your **Level 02 courses** currently in progress (CST8200, C"
CST8245,1,referenced,3f5ca7e9-4f80-44bd-980f-eeb4e94eac89,"in Networking but *Emerging Technologies* in Security; CST8323 *Cyber and Network Security* is the Networking version of CST8249 *Network Security*; and the database course is DAT0129 in Networking, C"
CST8246,1,referenced,058fa9f6-21ca-4aa8-b143-2629ed178b64,"ing co-op components, your remaining courses are:  | Level | Course | Hours | |---|---|---| | 02 | CST8200, CST8208, CST8305, CST8315, CST8324 | 294.0 | | 02 | LIB1982 Gen Ed | 42.0 | | 03 | CST8206, "
CST8248,2,referenced,058fa9f6-21ca-4aa8-b143-2629ed178b64; 3f5ca7e9-4f80-44bd-980f-eeb4e94eac89,"Course | Hours | |---|---|---| | 02 | CST8200, CST8208, CST8305, CST8315, CST8324 | 294.0 | | 02 | LIB1982 Gen Ed | 42.0 | | 03 | CST8206, CST8246, CST8316, CST8342, CST8371, DAT0129 | 336.0 | | 04 | "
CST8249,1,referenced,3f5ca7e9-4f80-44bd-980f-eeb4e94eac89,t** and flagged them inline — CST8248 is *Cloud Infrastructure Administration* in Networking but *Emerging Technologies* in Security; CST8323 *Cyber and Network Security* is the Networking version of 
CST8300,7,referenced,058fa9f6-21ca-4aa8-b143-2629ed178b64; 45373f34-fd87-4925-8166-a1b10d6d3c20; 50e1dd42-840b-47c1-8f9f-4afa2f5e9b64; 80669f90-3e7c-4a04-8c11-715ba72cc7cd; a5088a81-2f8d-487b-993f-c266d2a1c79a; cd2f6f0c-6705-4b96-b10c-e60b600d9629; ecec0e9f-aef6-49dd-8c6f-408b9ff0866d,ystem Support) - Theory & Lab sessions   - CST8202 (Windows Desktop Support) - Theory & Lab sessions - MAT8002 (Numeracy and Logic) - Theory sessions - ENL1813T (Communications I) - Theory sessions - 
CST8305,9,referenced,058fa9f6-21ca-4aa8-b143-2629ed178b64; 0b4c96a1-4b58-460e-bf22-b52fb620503f; 232472a1-8199-4535-8e32-3488947bfd47; 3cbd5740-e40b-430e-b901-7a91a6d09f2c; 43e1390e-1e45-44d1-a065-7a5854aee9a7; 6fe5ecfe-931c-4318-b896-d4aaffb5875c; 7b804c2c-7e85-4177-b138-1d77da96af89; a697f0d0-a5ea-4b22-be77-fc7d696de893; bca675ef-e8d1-4005-8231-ab35cc8b62db,"hich pulled your GPA down. Without the W, your GPA on the graded courses would be approximately **3.03** (722.4 ÷ 238.0 hours).  For your **Level 02 courses** currently in progress (CST8200, CST8208, "
CST8315,22,referenced,058fa9f6-21ca-4aa8-b143-2629ed178b64; 0b4c96a1-4b58-460e-bf22-b52fb620503f; 17d75783-b58a-4c28-b87d-0d5246b576dd; 1d87c741-469a-42cd-a427-2182a5784b40; 232472a1-8199-4535-8e32-3488947bfd47; 26c1a9e7-7ab8-4f42-a72e-f54e7b0ee0cd; 2c6eb4aa-23e4-4e3e-be53-46332d55b214; 3c6c7087-504e-4ccd-9b35-e8bdbf309e8b; 3cbd5740-e40b-430e-b901-7a91a6d09f2c; 3f5ca7e9-4f80-44bd-980f-eeb4e94eac89; 43e1390e-1e45-44d1-a065-7a5854aee9a7; 5254778a-7bd1-4b0e-839a-7ea42825f052; 6658bc45-a01a-48ad-ab58-9fe4499d780a; 68e05beb-4303-4ec9-adbe-8a16ebdea222; 702c2d45-c80d-429a-a545-2850a38a6543; 8f7a2740-7f7b-4f16-b483-d1e161ebb85e; 9b683cd6-ec55-4345-abec-083ea2b83ab6; d71d954c-1642-4d55-a387-dd09348a001c; e4a07ddd-a5c3-4c6d-a204-1922eb67f4cd; e6989afc-94a2-4f15-9048-efdd82490de7; faaa0cb1-0522-4977-b307-ac606ebc9140; fd8a80dd-8eef-4c2f-b16d-febb3123ed6f,"ed your GPA down. Without the W, your GPA on the graded courses would be approximately **3.03** (722.4 ÷ 238.0 hours).  For your **Level 02 courses** currently in progress (CST8200, CST8208, CST8305, "
CST8316,1,referenced,058fa9f6-21ca-4aa8-b143-2629ed178b64,"components, your remaining courses are:  | Level | Course | Hours | |---|---|---| | 02 | CST8200, CST8208, CST8305, CST8315, CST8324 | 294.0 | | 02 | LIB1982 Gen Ed | 42.0 | | 03 | CST8206, CST8246, C"
CST8317,1,referenced,058fa9f6-21ca-4aa8-b143-2629ed178b64,"Hours | |---|---|---| | 02 | CST8200, CST8208, CST8305, CST8315, CST8324 | 294.0 | | 02 | LIB1982 Gen Ed | 42.0 | | 03 | CST8206, CST8246, CST8316, CST8342, CST8371, DAT0129 | 336.0 | | 04 | CST8248, "
CST8323,3,referenced,058fa9f6-21ca-4aa8-b143-2629ed178b64; 3cbd5740-e40b-430e-b901-7a91a6d09f2c; 3f5ca7e9-4f80-44bd-980f-eeb4e94eac89,"---|---|---| | 02 | CST8200, CST8208, CST8305, CST8315, CST8324 | 294.0 | | 02 | LIB1982 Gen Ed | 42.0 | | 03 | CST8206, CST8246, CST8316, CST8342, CST8371, DAT0129 | 336.0 | | 04 | CST8248, CST8317, "
CST8324,7,complete,058fa9f6-21ca-4aa8-b143-2629ed178b64; 0b4c96a1-4b58-460e-bf22-b52fb620503f; 0f2dd365-162f-4057-9a27-2912c4d655ae; 232472a1-8199-4535-8e32-3488947bfd47; 2c57d3b5-5f5f-41b5-be00-d2f1d11c4078; abf7025b-7fff-4bc9-ae13-f7dc494f5539; def61735-3bf9-44a9-b137-ed1cff3a655b,create a complete lab manual for lab 5 similar to that of lab 4 based on the criteria and review;   summission details [# CST8324 — Lab 5 Submission Details **Source:** `cst8324_lab5_SubmissionDetails
CST8342,1,referenced,058fa9f6-21ca-4aa8-b143-2629ed178b64,"ts, your remaining courses are:  | Level | Course | Hours | |---|---|---| | 02 | CST8200, CST8208, CST8305, CST8315, CST8324 | 294.0 | | 02 | LIB1982 Gen Ed | 42.0 | | 03 | CST8206, CST8246, CST8316, "
CST8371,1,referenced,058fa9f6-21ca-4aa8-b143-2629ed178b64,"remaining courses are:  | Level | Course | Hours | |---|---|---| | 02 | CST8200, CST8208, CST8305, CST8315, CST8324 | 294.0 | | 02 | LIB1982 Gen Ed | 42.0 | | 03 | CST8206, CST8246, CST8316, CST8342, "
CST8378,1,referenced,058fa9f6-21ca-4aa8-b143-2629ed178b64,"--| | 02 | CST8200, CST8208, CST8305, CST8315, CST8324 | 294.0 | | 02 | LIB1982 Gen Ed | 42.0 | | 03 | CST8206, CST8246, CST8316, CST8342, CST8371, DAT0129 | 336.0 | | 04 | CST8248, CST8317, CST8323, "
CST8601,3,referenced,058fa9f6-21ca-4aa8-b143-2629ed178b64; 0b4c96a1-4b58-460e-bf22-b52fb620503f; 3f5ca7e9-4f80-44bd-980f-eeb4e94eac89,dvanced Diploma**. The entry requirement is a **2.70 cumulative GPA** from your CST-Networking program. This is what the full target transcript I just made covers — Levels 05 and 06 with courses like 
CST8602,3,referenced,058fa9f6-21ca-4aa8-b143-2629ed178b64; 0b4c96a1-4b58-460e-bf22-b52fb620503f; 3f5ca7e9-4f80-44bd-980f-eeb4e94eac89,"iploma**. The entry requirement is a **2.70 cumulative GPA** from your CST-Networking program. This is what the full target transcript I just made covers — Levels 05 and 06 with courses like CST8601, "
CST8603,1,referenced,3f5ca7e9-4f80-44bd-980f-eeb4e94eac89,"8324, 8200, 8208, then 8371, 8246, 8342, 8317, 8378). The Security advanced diploma just keeps going into Levels 5–6 with the heavy stuff: **CST8601 Securing Routers & Switches, CST8602 Pen Testing, C"
CST8604,1,referenced,3f5ca7e9-4f80-44bd-980f-eeb4e94eac89,"8342, 8317, 8378). The Security advanced diploma just keeps going into Levels 5–6 with the heavy stuff: **CST8601 Securing Routers & Switches, CST8602 Pen Testing, CST8603 Security Law & Compliance, C"
CST8605,1,referenced,3f5ca7e9-4f80-44bd-980f-eeb4e94eac89,"ecurity advanced diploma just keeps going into Levels 5–6 with the heavy stuff: **CST8601 Securing Routers & Switches, CST8602 Pen Testing, CST8603 Security Law & Compliance, CST8604 Risk Management, "
CST8606,3,referenced,058fa9f6-21ca-4aa8-b143-2629ed178b64; 0b4c96a1-4b58-460e-bf22-b52fb620503f; 3f5ca7e9-4f80-44bd-980f-eeb4e94eac89,"The entry requirement is a **2.70 cumulative GPA** from your CST-Networking program. This is what the full target transcript I just made covers — Levels 05 and 06 with courses like CST8601, CST8602, C"
CST8607,1,referenced,3f5ca7e9-4f80-44bd-980f-eeb4e94eac89,"e heavy stuff: **CST8601 Securing Routers & Switches, CST8602 Pen Testing, CST8603 Security Law & Compliance, CST8604 Risk Management, CST8605 Advanced Security Appliances, CST8606 Digital Forensics, "
CST8608,1,referenced,3f5ca7e9-4f80-44bd-980f-eeb4e94eac89,"ing Routers & Switches, CST8602 Pen Testing, CST8603 Security Law & Compliance, CST8604 Risk Management, CST8605 Advanced Security Appliances, CST8606 Digital Forensics, CST8607 Applied Cryptography, "
CST8609,2,referenced,0b4c96a1-4b58-460e-bf22-b52fb620503f; 3f5ca7e9-4f80-44bd-980f-eeb4e94eac89,olyglot operator-engineer-researcher-architect with geopolitical mobility across 6 continents and 4B+ speakers. That framing is accurate and rare.  **One note:** The Level 05/06 course codes (CST8601–
DC-AGD-001,3,referenced,3f5ca7e9-4f80-44bd-980f-eeb4e94eac89; c191b7df-040a-4236-9327-1c011a99de78; df8f544e-9dca-422f-8bcf-e82e7df6e3b1,"estion, because a big chunk of your portfolio was *designed* around exactly this hardware. Here's the honest sort.  **Fully buildable right now on ESP32/Pi + homelab**  - **Acoustic Gunshot Detector ("
DC-AGD-002,1,complete,df8f544e-9dca-422f-8bcf-e82e7df6e3b1,"n, and SDKs are what let it iterate and compound without a central owner. Let me write the companion spec, then I'll give you the network-effects breakdown directly since you asked to be told. Done — "
DC-AGD-003,2,complete,6658bc45-a01a-48ad-ab58-9fe4499d780a; df8f544e-9dca-422f-8bcf-e82e7df6e3b1,"rson can't build 62 companies, but one person can maintain a **protocol**. Convert the registry from Word documents into machine-readable specs with **conformance test suites** in CI. Now ""implements "
DC-AGENT-001,1,referenced,2c6eb4aa-23e4-4e3e-be53-46332d55b214,"Docker networks, not just separated by prompt 12. Lightweight service mesh (Docker networks + Cloudflare routing rules) so one compromised agent has a contained blast radius  **D-Central (more)** 1. D"
DC-ARCH-001,1,complete,e6989afc-94a2-4f15-9048-efdd82490de7,"e home OS is hardware-discovery-capable from day one. create complete technical documentation   I'll build this as a full technical document. Given the scope, I'll write it in sections iteratively. **"
DC-ASSET-001,3,referenced,5783b3e4-d46c-413c-8505-b5d6326b7fe6; bd72890d-3673-40fc-b37f-b8d3b91bcd56; e6989afc-94a2-4f15-9048-efdd82490de7,"raints, postal systems, and colonization packages  **Key Documents Produced** DC-REG-001 v3.1 (62 companies, 515 documents across 17 tiers), DC-MONETARY-001, DC-SPACE-INFRA-001, DC-SENSE-SERVICE-001, "
DC-B2B-001,1,complete,7963735d-a671-4b42-806e-651377fd29b2,b2b so use this ecosystem to propose a complete b2b expansion   The visualization tool is timing out on my end right now — the document has everything you need. Here's the strategic summary of what **
DC-BEAM-001,1,referenced,6a30ef92-529c-4547-b508-344b24823fe6,"m scale is still expensive. So near-term architecture: audio beams + wearable LENS for private visuals, with shared directional displays as a later tier.  If you formalize this, it's really one spec: "
DC-BEAM-002,1,draft,6a30ef92-529c-4547-b508-344b24823fe6,"hared firmware module, one protocol spec. It's the cheapest capability multiplier in your entire registry.  The registry treatment: DC-BEAM-001 stays the channel spec, and this fleet retrofit becomes "
DC-CAMPUS-001,1,referenced,702c2d45-c80d-429a-a545-2850a38a6543,"community resilience — acting as the cluster's anchor node and shared yard**, while staying inside the same refused-departments and regulated-boundary limits as every other layer.  Want me to write **"
DC-CAMPUS-002,1,referenced,702c2d45-c80d-429a-a545-2850a38a6543,"d the distributed nodes are the extended family's individual homes around it, exactly the traditional structure.  This is a significant enough synthesis that it deserves its own capstone document — **"
DC-COMPUTE-001,2,referenced,9914cf00-df14-4888-bee6-073dd408a960; df8f544e-9dca-422f-8bcf-e82e7df6e3b1,"d cultural meaning. Mosaic gets a special call-out because residents can literally help make it, which maximizes the community-ownership (and anti-vandalism) effect.  **The NVIDIA capability layer** ("
DC-COOP-001,2,complete,2c6eb4aa-23e4-4e3e-be53-46332d55b214; 7963735d-a671-4b42-806e-651377fd29b2,"i want it to be more integrated into dcentral, actually i want you to complete rebuild the company from the ground up using dcentral and ill adjust and remove the features i dont think will work   **D"
DC-DEV-001,1,referenced,702c2d45-c80d-429a-a545-2850a38a6543,"gs in your v1.0 doc are pinned to specific names, so I flagged that the durable design is the routing *tiers* (fast vs. accuracy-critical vs. rules), not the exact model names, since those rotate.  **"
DC-DEVENV-001,1,referenced,fc99aa3d-f993-404c-8aee-09bc55305583,"real extension of what TPM-signing currently does, not a reuse.  Everything else — identity, discovery, payment, transport — is composition of what already exists. If you want, I can turn this into `D"
DC-DISPATCH-002,1,draft,fc99aa3d-f993-404c-8aee-09bc55305583,"checking on the hot path — a routed request should fail closed if the responding DID's role VC was just revoked, not deliver anyway.  If you want, I can draft this as a proper spec — something like `D"
DC-DMCA-001,1,draft,fb8b0f84-8c02-4646-9fa0-3178fa6aca83,"tical infrastructure** — the same logic you used in D-Central's physical infrastructure verticals, but at the level of international maritime law.  ---  Want me to draft this as a formal whitepaper — "
DC-ENERGY-001,1,referenced,e6989afc-94a2-4f15-9048-efdd82490de7,"06 | Remote Access and MSSP Tunnel Configuration | WireGuard peer setup, MSSP NOC endpoint configuration, JIT credential provisioning |  ### Energy System  | ID | Document | Purpose | |---|---|---| | "
DC-ENERGY-002,1,referenced,e6989afc-94a2-4f15-9048-efdd82490de7,"ID | Document | Purpose | |---|---|---| | DC-ENERGY-001 | Energy System Configuration Guide | Victron MultiPlus-II setup, EG4 battery commissioning, Cerbo GX configuration, VRM portal integration | | "
DC-ENERGY-003,1,referenced,e6989afc-94a2-4f15-9048-efdd82490de7,"o GX configuration, VRM portal integration | | DC-ENERGY-002 | VPP Enrollment and Commissioning Checklist | Step-by-step for completing Hydro Ottawa net metering + IESO demand response enrollment | | "
DC-ENERGY-004,1,complete,e6989afc-94a2-4f15-9048-efdd82490de7,"Hydro Ottawa net metering + IESO demand response enrollment | | DC-ENERGY-003 | OpenEVSE OCPP Integration Guide | EV charger configuration, OCPP 2.0.1 server setup, smart charge scheduling rules | | D"
DC-ENTERPRISE-001,1,referenced,7963735d-a671-4b42-806e-651377fd29b2,e use open source for dcentral what if an enterprise Whitelabels the ecosystem and use it internally how would that look like and can there be hybrid   Now the interactive white-label configurator: **
DC-EVC-001,1,referenced,d01c9e3e-35ab-4c93-a078-36dba9d185ee,"rsions (your Tier 0) are directly relevant to Haitian household energy needs.  ## 5. Where it sits in the D-Central registry  Practically, this would register as its own initiative — something like a "
DC-FIN-001,1,referenced,702c2d45-c80d-429a-a545-2850a38a6543,n/community-bond leverage on property → refinancing appreciated property into the expansion vaults → the fractal self-finances. Each stage reduces dependence on the one before it.  This wants to be **
DC-FOS-001,3,referenced,2c6eb4aa-23e4-4e3e-be53-46332d55b214; 7963735d-a671-4b42-806e-651377fd29b2; bb72430a-1fbf-463a-a768-75c752409b9f,"enforcement zones, showing live traffic feeds, incident overlays, and speed enforcement events on a single map — without building that visualization stack from scratch.  **D-FIELD / Sod Boys Ottawa (D"
DC-FRACTAL-001,2,draft,6ba817ef-3820-4ce9-8c1e-71de3d9c3666; 702c2d45-c80d-429a-a545-2850a38a6543,chef's Kitchen-VC and Skill-VC determine what DC-OS shows them; the Kitchen Node itself can run DC-OS as its interface layer rather than a bolted-on custom app.  **Where the other services fit** - **D
DC-FULLSUITE-001,1,superseded,6a30ef92-529c-4547-b508-344b24823fe6,"and research sensors discussed in this chat especially look into expanding the sensor node, agd, mesh, nation wide saturation and other level saturation the tiered home levels for the SHI node, etc. D"
DC-GAP-001,1,referenced,9914cf00-df14-4888-bee6-073dd408a960,"n/bed), the DCOL LiDAR family, the AR0234 MoCap rig, the energy infrastructure, the software stack with the GPU scheduler, the agent architecture, and the safety/compliance matrix — all with the same "
DC-GOV-002,2,draft,2c6eb4aa-23e4-4e3e-be53-46332d55b214; 702c2d45-c80d-429a-a545-2850a38a6543,"trust level 1 vs 3, tied to DAO reputation 3. Agent cost accounting rolled into the D-Credit micro-economy — usage becomes a coop line item, not a personal bill 4. Cross-reference DC-AGENT work with D"
DC-HAITI-001,1,referenced,702c2d45-c80d-429a-a545-2850a38a6543,"lysis above is about the *economic logic*, which holds regardless of who's in power, but the *timing* of all of it depends on security developments I shouldn't guess at.  Want me to write this into **"
DC-HMCS-002,1,referenced,6a30ef92-529c-4547-b508-344b24823fe6,"ment.  That synthesis — the definition, the organ mapping, the two cautions — is basically the thesis statement of the HMCS whitepaper updated for everything designed this session. Worth capturing as "
DC-IMPACT-001,1,referenced,702c2d45-c80d-429a-a545-2850a38a6543,"* That's not a hedge — it's the actual load-bearing condition, and it's worth stating plainly in the docs so future-you (and future stewards) can't quietly let them erode.  This deserves capture as **"
DC-LIC-001,1,referenced,702c2d45-c80d-429a-a545-2850a38a6543,"ntures, and the delegation ladder.  **DC-GOV-002** — the family-office architecture: four layers, vault capital-allocation cycle, your time model at maturity, and the honest sequencing constraint.  **"
DC-LKB-001,3,referenced,1d87c741-469a-42cd-a427-2182a5784b40; 702c2d45-c80d-429a-a545-2850a38a6543; 76d91c3d-0b67-437f-a5dc-e5841bc93104,"ared communal space) and give it a full architecture treatment. Let me build the visual concept architecture first, then generate the formal document. Now let me generate the full concept document. **"
DC-LKB-002,1,complete,76d91c3d-0b67-437f-a5dc-e5841bc93104,"first, then I'll write the full technical specification document. Four sections: API design, governance contract, LMIS module interface, and UX flows. Now the full technical specification document. **"
DC-LKB-003,2,complete,4c70b8e3-f243-44e5-9765-fafa780c0c81; 76d91c3d-0b67-437f-a5dc-e5841bc93104,"ralized Banking Operating System** — any vault type, any membership model, any banking vertical, all on one open protocol. Let me build the complete architecture. Now the full v2 protocol document. **"
DC-LKF-001,3,referenced,1d87c741-469a-42cd-a427-2182a5784b40; 2c6eb4aa-23e4-4e3e-be53-46332d55b214; fc020b40-bb25-4a3d-ba2f-108c10cbc480,"n identity stack | Core | | **d-central-network** | DC-ISP-ARCH-001, DC-MESHISP-ARCH-001, Haiti topology, MeshISP specs | Core | | **d-central-finance** | DC-LKB-001/002/003 (Lakou Protocol banking), "
DC-MOGUL-001,1,referenced,702c2d45-c80d-429a-a545-2850a38a6543,"e-rate reducers, not eliminators. Build that into the vault risk model (loss reserves, portfolio thinking across principals) or the first cohort's failures will drain the commons.  This wants to be **"
DC-MONETARY-001,3,referenced,5783b3e4-d46c-413c-8505-b5d6326b7fe6; bd72890d-3673-40fc-b37f-b8d3b91bcd56; e6989afc-94a2-4f15-9048-efdd82490de7,"ering transport, life support, banking with light-lag constraints, postal systems, and colonization packages  **Key Documents Produced** DC-REG-001 v3.1 (62 companies, 515 documents across 17 tiers), "
DC-MSOC-001,1,referenced,702c2d45-c80d-429a-a545-2850a38a6543,"n-zero artifact — the exact pattern DC-STATUS-001 flagged.  Where it *does* fit, sequenced properly:  **Phase 1 (now–Month 6):** Nothing physical. At most, document the mobile SOC as a registry spec ("
DC-NET-001,1,referenced,e6989afc-94a2-4f15-9048-efdd82490de7,"nical Implementation) | Rolling window deletion scheduler, event save mechanism, consent ledger write procedures |  ### Network and Compute Infrastructure  | ID | Document | Purpose | |---|---|---| | "
DC-NET-002,1,referenced,e6989afc-94a2-4f15-9048-efdd82490de7,"and Compute Infrastructure  | ID | Document | Purpose | |---|---|---| | DC-NET-001 | CUC Rack Build Specification | Physical rack layout, cable management, component placement, power distribution | | "
DC-NET-003,1,referenced,e6989afc-94a2-4f15-9048-efdd82490de7,", cable management, component placement, power distribution | | DC-NET-002 | Network Architecture Specification | Full VLAN topology, routing design, pfSense rule set, MikroTik edge configuration | | "
DC-NET-004,1,referenced,e6989afc-94a2-4f15-9048-efdd82490de7,"g design, pfSense rule set, MikroTik edge configuration | | DC-NET-003 | Dual-WAN Failover Configuration Guide | pfSense dual-WAN setup, failover thresholds, VPP signal continuity during failover | | "
DC-NET-005,1,referenced,e6989afc-94a2-4f15-9048-efdd82490de7,"tup, failover thresholds, VPP signal continuity during failover | | DC-NET-004 | LiFi Network Integration Guide | Emitter configuration, PoE requirements, zone assignment, home OS SDN integration | | "
DC-NET-006,1,referenced,e6989afc-94a2-4f15-9048-efdd82490de7,"tion, PoE requirements, zone assignment, home OS SDN integration | | DC-NET-005 | ISP Integration Procedures | Bell Fibe PPPoE setup, Rogers/Cogeco passthrough configuration, Starlink bypass mode | | "
DC-NET-007,1,referenced,e6989afc-94a2-4f15-9048-efdd82490de7,"1 VLANs — devices, internet access, inter-VLAN rules) | 🆕 | | DC-NET-006 | Dual-WAN Failover Configuration Guide (pfSense failover thresholds, VPP continuity, MSSP tunnel) | 📋 🔄 Rename and expand | | "
DC-NET-008,1,referenced,e6989afc-94a2-4f15-9048-efdd82490de7,"fSense failover thresholds, VPP continuity, MSSP tunnel) | 📋 🔄 Rename and expand | | DC-NET-007 | ISP Integration Procedures (Bell Fibe PPPoE, Rogers/Cogeco passthrough, Starlink bypass, FWA) | 📋 | | "
DC-NET-009,1,referenced,e6989afc-94a2-4f15-9048-efdd82490de7,"Procedures (Bell Fibe PPPoE, Rogers/Cogeco passthrough, Starlink bypass, FWA) | 📋 | | DC-NET-008 | Remote Access and MSSP Tunnel Configuration (WireGuard peers, NOC endpoint, JIT credential) | 📋 | | D"
DC-NET-010,1,referenced,e6989afc-94a2-4f15-9048-efdd82490de7,"ccess and MSSP Tunnel Configuration (WireGuard peers, NOC endpoint, JIT credential) | 📋 | | DC-NET-009 | LiFi Network Integration Guide (emitter config, PoE, zone assignment, SDN integration) | 📋 | | "
DC-NET-011,1,referenced,e6989afc-94a2-4f15-9048-efdd82490de7,"Integration Guide (emitter config, PoE, zone assignment, SDN integration) | 📋 | | DC-NET-010 | BGP/ASN Registration Guide (future facilities-based ISP path — ARIN registration, MikroTik BGP) | 🆕 | | D"
DC-NETINFRA-001,2,complete,2c6eb4aa-23e4-4e3e-be53-46332d55b214; 7963735d-a671-4b42-806e-651377fd29b2,"nt system, the D-PLATFORM SaaS model, or do you want to start building any of these? I mean more for d-move and the other supporting infrastructure allowing companies to have the same flexibility   **"
DC-OPS-001,1,draft,2c6eb4aa-23e4-4e3e-be53-46332d55b214,"backup, last deploy, agent uptime - Incident notes go in Obsidian as dated entries, linked back to the relevant runbook — that becomes your postmortem trail  If you want, I can draft this as a formal "
DC-OS-001,2,referenced,702c2d45-c80d-429a-a545-2850a38a6543; e6989afc-94a2-4f15-9048-efdd82490de7,e what you're building. They feed the IRAP proposals and SR&ED narratives. Some become SDK and API documentation later.  ### Home OS and Software Platform  | ID | Document | Purpose | |---|---|---| | 
DC-OS-002,2,referenced,702c2d45-c80d-429a-a545-2850a38a6543; e6989afc-94a2-4f15-9048-efdd82490de7,"OS and Software Platform  | ID | Document | Purpose | |---|---|---| | DC-OS-001 | Home OS Architecture Specification | Microservices layout, container definitions, inter-service APIs, data flows | | D"
DC-OS-003,1,referenced,e6989afc-94a2-4f15-9048-efdd82490de7,"t, container definitions, inter-service APIs, data flows | | DC-OS-002 | Consent Engine Technical Specification | Tier definitions, consent ledger schema, PIPEDA compliance mapping, API contracts | | "
DC-OS-004,1,referenced,e6989afc-94a2-4f15-9048-efdd82490de7,"DA compliance mapping, API contracts | | DC-OS-003 | VPP Integration Specification | OpenADR 2.0 client implementation, battery dispatch logic, solar forecast integration, EV scheduling algorithm | | "
DC-OS-005,1,referenced,e6989afc-94a2-4f15-9048-efdd82490de7,"forecast integration, EV scheduling algorithm | | DC-OS-004 | Zero-Trust Network Policy Specification | VLAN definitions, firewall rule sets, WireGuard peer configuration, device onboarding flow | | D"
DC-OS-006,1,referenced,e6989afc-94a2-4f15-9048-efdd82490de7,"WireGuard peer configuration, device onboarding flow | | DC-OS-005 | MSSP Heartbeat Protocol Specification | Encrypted signal schema, alert taxonomy, JIT access token lifecycle, MSSP API contract | | "
DC-OS-007,1,referenced,e6989afc-94a2-4f15-9048-efdd82490de7,"access token lifecycle, MSSP API contract | | DC-OS-006 | Open SDK Developer Guide | Module sandbox API, data access contracts, consent requirements per data type, packaging and submission guide | | D"
DC-OS-011,1,referenced,e6989afc-94a2-4f15-9048-efdd82490de7,SRED-002/003: Start SR&ED ledgers from Day 1 of incorporation  **This quarter:** - Pilot home SHI Tier 1 deployment (the first node) - COOP-001 through COOP-006: DHC and DECU foundational documents - 
DC-OS-014,2,referenced,bd72890d-3673-40fc-b37f-b8d3b91bcd56; e6989afc-94a2-4f15-9048-efdd82490de7,"ductivity-basket design correctly positions it outside GENIUS Act jurisdiction.  **The three new integrations with the highest immediate value:**  First, the GENIUS Act stablecoin compliance layer in "
DC-OSINT-001,2,referenced,9914cf00-df14-4888-bee6-073dd408a960; bb72430a-1fbf-463a-a768-75c752409b9f,"ivacy-floor governance is exactly the safeguard the global frame needs | | TrafficMesh/CivicMesh, MeshPlate/Ear/Nav | Sensing + civic data | Open map/API public layer is its natural home | | OSIRIS / "
DC-PLANE-001,8,referenced,1056fd3d-adb2-4d16-8b22-14756fd37b20; 29f7811a-ef13-4f1e-b378-386ee69ffd17; 411a33b9-ed32-4a64-bf8a-08af046cdf94; 6a30ef92-529c-4547-b508-344b24823fe6; 702c2d45-c80d-429a-a545-2850a38a6543; 8f7a2740-7f7b-4f16-b483-d1e161ebb85e; c191b7df-040a-4236-9327-1c011a99de78; fc99aa3d-f993-404c-8aee-09bc55305583,Li-Fi hooks in the orb display firmware. Backscatter and vibration are phase-two; PLC when you hit a real retrofit building.  Registry-wise this generalizes DC-BEAM into what it was always becoming: D
DC-PROCUREMENT-001,2,referenced,2c6eb4aa-23e4-4e3e-be53-46332d55b214; 68e05beb-4303-4ec9-adbe-8a16ebdea222,"backlog purchasing components equipment, hardware etc. across all dcentral scheduled projects, this entire session, Good — you actually already have real BOM data from prior sessions (DC-TM-POC-001, D"
DC-REG-001,8,referenced,1d87c741-469a-42cd-a427-2182a5784b40; 4c70b8e3-f243-44e5-9765-fafa780c0c81; 5783b3e4-d46c-413c-8505-b5d6326b7fe6; 702c2d45-c80d-429a-a545-2850a38a6543; 9914cf00-df14-4888-bee6-073dd408a960; ae827c59-2222-470e-89ea-71643364a891; e6989afc-94a2-4f15-9048-efdd82490de7; fc99aa3d-f993-404c-8aee-09bc55305583,"(housing equity) — the multi-token system - FediFlow (federated identity); D-Central Studios (creator/media); GENIUS Act stablecoin alignment for D-Credit - 58+ named systems, 515+ document registry ("
DC-REINVEST-002,1,referenced,2c6eb4aa-23e4-4e3e-be53-46332d55b214,"00–2,500 | | Monitor(s), 1–2 | $250–500 each | | Desk + ergonomic chair | $300–800 | | Business VPN subscription | $60–120/yr | | UPS for workspace | $80–150 |  **Note:** router is already covered in "
DC-REINVEST-003,1,referenced,2c6eb4aa-23e4-4e3e-be53-46332d55b214,"ments, each cross-referencing the others so they hold together as one set:  1. **DC-CORP-FINANCE-001** — incorporation, contract, credit reality, funding stack, insurance, sequence of operations 2. **"
DC-SAT-001,1,referenced,702c2d45-c80d-429a-a545-2850a38a6543,s are medium-term; your own constellation is a real-but-far horizon** — and all of it lives under SkyLedger with the same sensing-boundary discipline as every other layer.  Want me to write this as **
DC-SCALE-001,2,referenced,6a30ef92-529c-4547-b508-344b24823fe6; 702c2d45-c80d-429a-a545-2850a38a6543,"ges. Each cell finances itself (your 10–100 node cluster models showing surplus from month one), so growth is metabolically self-funding rather than capital-raise-dependent. The Wright's-Law curve in "
DC-SCOUT-001,1,referenced,7963735d-a671-4b42-806e-651377fd29b2,"is in one location rather than spread across the city, help me weave this into the dcentral architecture   Now the interactive simulator so you can actually see the zone pricing cascade in action: **D"
DC-SENSE-001,1,referenced,e6989afc-94a2-4f15-9048-efdd82490de7,Home OS Installation and Configuration Runbook | Step-by-step for SHI technician deploying the OS layer on a new CUC |  ### Sensing and Inference Pipeline  | ID | Document | Purpose | |---|---|---| | 
DC-SENSE-002,1,referenced,e6989afc-94a2-4f15-9048-efdd82490de7,"ence Pipeline  | ID | Document | Purpose | |---|---|---| | DC-SENSE-001 | Sensor Mesh Deployment Guide | Per-level installation procedures, mounting specs, calibration sequences, PoE requirements | | "
DC-SENSE-003,1,referenced,e6989afc-94a2-4f15-9048-efdd82490de7,", PoE requirements | | DC-SENSE-002 | NVIDIA Inference Pipeline Specification | TensorRT model deployment, Triton server configuration, DeepStream pipeline topology, Holoscan sensor fusion design | | "
DC-SENSE-004,1,referenced,e6989afc-94a2-4f15-9048-efdd82490de7,"m pipeline topology, Holoscan sensor fusion design | | DC-SENSE-003 | L5 Multi-Camera Rig Calibration Procedure | Extrinsic calibration protocol, 3DGS initialization, InsightFace model deployment | | "
DC-SENSE-005,1,referenced,e6989afc-94a2-4f15-9048-efdd82490de7,"col, 3DGS initialization, InsightFace model deployment | | DC-SENSE-004 | LiDAR SLAM Initialization Procedure | Livox Mid-360 configuration, ROS 2 driver setup, initial map generation walkthrough | | "
DC-SHELL-001,1,referenced,df8f544e-9dca-422f-8bcf-e82e7df6e3b1,s an aesthetic brief and the design language matters — and because Haiti has a world-class craft tradition that makes this idea genuinely sing. Got the references I need. Now the spec. The spec is in 
DC-SHI-001,1,complete,e6989afc-94a2-4f15-9048-efdd82490de7,"ecover. Create a complete technical document for the SHI node including all tiers hardware fixture structural embeddings, software etc discussed in this chat This is the master integration document — "
DC-SIM-000,3,referenced,1d87c741-469a-42cd-a427-2182a5784b40; 8f7a2740-7f7b-4f16-b483-d1e161ebb85e; fc99aa3d-f993-404c-8aee-09bc55305583,"Based on the architecture, you should have **5–7 core repos** (not 100+):  ### **1. Core Repos (Must Have)**  | Repo | Contains | Status |  |------|----------|--------| | **d-central-architecture** | "
DC-SIM-001,2,referenced,1d87c741-469a-42cd-a427-2182a5784b40; 8f7a2740-7f7b-4f16-b483-d1e161ebb85e,"chitecture/ ├── README.md                    # Overview, component list ├── DC-REG-001-Master-Registry.md  # Links to all related docs ├── sim/ │   ├── DC-SIM-000-index.md      # Master index │   ├── "
DC-SIM-002,2,referenced,1d87c741-469a-42cd-a427-2182a5784b40; 8f7a2740-7f7b-4f16-b483-d1e161ebb85e,"# Overview, component list ├── DC-REG-001-Master-Registry.md  # Links to all related docs ├── sim/ │   ├── DC-SIM-000-index.md      # Master index │   ├── DC-SIM-001-fidelity.md │   ├── DC-SIM-002-top"
DC-SIM-003,1,referenced,8f7a2740-7f7b-4f16-b483-d1e161ebb85e,"ce; the core artifact, including the two traps that produce *wrong* conclusions (mesh link metrics, distributed inference) - **DC-SIM-002** — topology, node inventory, compute sizing, repo layout - **"
DC-SIM-004,1,referenced,8f7a2740-7f7b-4f16-b483-d1e161ebb85e,"ons (mesh link metrics, distributed inference) - **DC-SIM-002** — topology, node inventory, compute sizing, repo layout - **DC-SIM-003** — DC-OS Buildroot dual-arch spec, with acceptance criteria - **"
DC-SIM-005,1,referenced,8f7a2740-7f7b-4f16-b483-d1e161ebb85e,"y, node inventory, compute sizing, repo layout - **DC-SIM-003** — DC-OS Buildroot dual-arch spec, with acceptance criteria - **DC-SIM-004** — scenario catalogue and mandatory write-up limitations - **"
DC-SIM-006,1,referenced,8f7a2740-7f7b-4f16-b483-d1e161ebb85e,"DC-OS Buildroot dual-arch spec, with acceptance criteria - **DC-SIM-004** — scenario catalogue and mandatory write-up limitations - **DC-SIM-005** — Cloud bridge, and the full-hardware inversion - **D"
DC-SIM-007,1,referenced,8f7a2740-7f7b-4f16-b483-d1e161ebb85e,"nario catalogue and mandatory write-up limitations - **DC-SIM-005** — Cloud bridge, and the full-hardware inversion - **DC-SIM-006** — deployment ladder with the four regulatory thresholds marked - **"
DC-SIM-008,1,referenced,8f7a2740-7f7b-4f16-b483-d1e161ebb85e,"SIM-005** — Cloud bridge, and the full-hardware inversion - **DC-SIM-006** — deployment ladder with the four regulatory thresholds marked - **DC-SIM-007** — DAO governance across the three layers - **"
DC-SIM-009,1,referenced,1d87c741-469a-42cd-a427-2182a5784b40,"ecture, you should have **5–7 core repos** (not 100+):  ### **1. Core Repos (Must Have)**  | Repo | Contains | Status |  |------|----------|--------| | **d-central-architecture** | DC-SIM-000 through "
DC-SITE-001,3,referenced,2c6eb4aa-23e4-4e3e-be53-46332d55b214; c191b7df-040a-4236-9327-1c011a99de78; fc99aa3d-f993-404c-8aee-09bc55305583,tack 7. Shadow deployment — new prompt/model version runs silently before cutover 8. Graph-of-thought reasoning for complex D-Central architecture queries 9. Live IoT/sensor fusion feeding the graph (
DC-SKY-001,2,draft,2c6eb4aa-23e4-4e3e-be53-46332d55b214; 9da1c112-9354-46db-be0a-8e8897da5efe,"them with different things, there are modules, you can add your drone to the fleet, they can assist in farming, construction and other such services using the dcentral philosophy and architecture   **"
DC-SKY-002,1,referenced,9da1c112-9354-46db-be0a-8e8897da5efe,"ns on the drone's companion computer in Rust + Python, enforces safety constraints at the hardware level before arming, and signs every telemetry packet with the drone's DID key.  **Still to build:** "
DC-SQS-001,1,referenced,e6989afc-94a2-4f15-9048-efdd82490de7,"lly more effective because the nurse already knows your vitals, the grounds keeper already knows which plants are stressed, the electrician already knows which circuit. Seven tabs. This is document **"
DC-STATUS-001,15,referenced,1d87c741-469a-42cd-a427-2182a5784b40; 29f7811a-ef13-4f1e-b378-386ee69ffd17; 2ba15679-0356-4a09-9fb5-2f917205db28; 2c6eb4aa-23e4-4e3e-be53-46332d55b214; 4c70b8e3-f243-44e5-9765-fafa780c0c81; 6658bc45-a01a-48ad-ab58-9fe4499d780a; 68e05beb-4303-4ec9-adbe-8a16ebdea222; 6a30ef92-529c-4547-b508-344b24823fe6; 6ba817ef-3820-4ce9-8c1e-71de3d9c3666; 702c2d45-c80d-429a-a545-2850a38a6543; c191b7df-040a-4236-9327-1c011a99de78; c9035c82-5b8a-4af5-a234-2e17cb1c0202; df8e4f77-0b1b-458f-a68f-1460161962c7; e6989afc-94a2-4f15-9048-efdd82490de7; fc99aa3d-f993-404c-8aee-09bc55305583,"t the three flagged research tracks (intrabody at product grade, cost-reduced vibrometry, anti-sound from earlier) — and those are flagged *inside* the spec as P2+ so the registry stays honest to the "
DC-STATUS-002,1,referenced,6658bc45-a01a-48ad-ab58-9fe4499d780a,"ntity ✅, SR&ED ledger ✅, one spec with conformance tests ✅, DSL determinism demo ✅, functioning multisig DAO ✅, two-node mesh ✅, LayRight in a paying (or at least piloting) contractor's hands. That's "
DC-STATUS-003,1,referenced,6658bc45-a01a-48ad-ab58-9fe4499d780a,urs - **DC-SHI node zero at home** formally matching the T1 spec — the commercial and residential architectures visibly converging - **DSL paper submitted** somewhere real (workshop tier is fine) - **
DC-SWARM-001,7,referenced,1056fd3d-adb2-4d16-8b22-14756fd37b20; 6a30ef92-529c-4547-b508-344b24823fe6; 6ba817ef-3820-4ce9-8c1e-71de3d9c3666; 702c2d45-c80d-429a-a545-2850a38a6543; 8f7a2740-7f7b-4f16-b483-d1e161ebb85e; c191b7df-040a-4236-9327-1c011a99de78; fc99aa3d-f993-404c-8aee-09bc55305583,"the fast-timescale layer that makes every decision. This is essentially the formal spec for DC-SWARM — the fractal DAO architecture is the genome, node behavior is the phenotype. Worth writing up as D"
DC-SWARM-002,1,referenced,c191b7df-040a-4236-9327-1c011a99de78,"a proprietary dataset nobody else has.  I'll say the uncomfortable part directly, because you've named it yourself in the status finding: the failure mode here isn't technical, it's that this becomes "
DC-TAG-001,1,referenced,6a30ef92-529c-4547-b508-344b24823fe6,"and chip tags reserved for durables is the defensible split, and tag recyclability belongs in the spec.  **Registry treatment**  This is big enough to be its own document rather than an amendment: **D"
DC-TPL-000,2,draft,6ba817ef-3820-4ce9-8c1e-71de3d9c3666; 702c2d45-c80d-429a-a545-2850a38a6543,C and Skill-VC determine what DC-OS shows them; the Kitchen Node itself can run DC-OS as its interface layer rather than a bolted-on custom app.  **Where the other services fit** - **DC-FRACTAL-001 / 
DC-VENTURE-001,1,referenced,702c2d45-c80d-429a-a545-2850a38a6543,"niform service (from gym+club+guards), event production (from club+security) — your document's ""synergistic"" tier emerges from operations rather than being founded cold.  Want me to formalize this as "
DC-XXX-001,5,referenced,1d87c741-469a-42cd-a427-2182a5784b40; 2ba15679-0356-4a09-9fb5-2f917205db28; 4c70b8e3-f243-44e5-9765-fafa780c0c81; 6658bc45-a01a-48ad-ab58-9fe4499d780a; fc020b40-bb25-4a3d-ba2f-108c10cbc480,"ratio is the existential risk.** 500+ documents, 62 companies, orbs, wearables, ISPs, drones, banking protocols, satellite stacks — and zero nodes deployed, zero customers, zero legal entity. Writing "
GEN1957,4,referenced,1d87c741-469a-42cd-a427-2182a5784b40; 5254778a-7bd1-4b0e-839a-7ea42825f052; e4a07ddd-a5c3-4c6d-a204-1922eb67f4cd; fc99aa3d-f993-404c-8aee-09bc55305583,"in bold, that there are no make-up SBAs. Not impossible, but you should ask Baron directly and plainly whether an SBA1 accommodation is on the table under AA21 — and get the answer before Friday. - **"
MAT8002,24,referenced,058fa9f6-21ca-4aa8-b143-2629ed178b64; 07b98c79-d110-43bb-b9b9-86e561cba7a9; 099d6c32-c189-4819-aa03-9482bd7ca37e; 0b4c96a1-4b58-460e-bf22-b52fb620503f; 0edf1885-18bb-4795-b648-bc2132bef2da; 14f9a94a-4329-4c91-8021-4f061ac562fc; 17d75783-b58a-4c28-b87d-0d5246b576dd; 1d87c741-469a-42cd-a427-2182a5784b40; 2c6eb4aa-23e4-4e3e-be53-46332d55b214; 2e47b329-9f85-40e4-979a-a593474db8d6; 422a95ee-229d-40c5-913c-b27fe59c36d5; 45373f34-fd87-4925-8166-a1b10d6d3c20; 50e1dd42-840b-47c1-8f9f-4afa2f5e9b64; 5254778a-7bd1-4b0e-839a-7ea42825f052; 5dc1f3ae-149e-4060-8955-7508837778e5; 6d52472c-84fd-4468-aaab-f46f04b6fb5b; 702c2d45-c80d-429a-a545-2850a38a6543; 80669f90-3e7c-4a04-8c11-715ba72cc7cd; a5088a81-2f8d-487b-993f-c266d2a1c79a; b195fac4-47de-4a79-949c-19c1c6fd0d29; e4a07ddd-a5c3-4c6d-a204-1922eb67f4cd; e9d04650-f60d-4932-b2cb-57fe569aa9e2; ecec0e9f-aef6-49dd-8c6f-408b9ff0866d; fc99aa3d-f993-404c-8aee-09bc55305583,Classes & Labs:** - CST8182 (Networking Fundamentals) - Theory & Lab sessions - CST8207 (Linux System Support) - Theory & Lab sessions   - CST8202 (Windows Desktop Support) - Theory & Lab sessions - M
OS-CPFQ-001,1,complete,d6749805-4682-4cb9-9bca-2ef7428f32c9,"ld proof: identity only returned if match confidence exceeds DAO-configured threshold  All five ZK mechanisms, full notification with dispute rights, DAO-defined scope per deployment. Building now. **"
OS-DCINT-001,1,referenced,d6749805-4682-4cb9-9bca-2ef7428f32c9,"trolled methodology,  Let me read all the uploaded documents before designing anything. Good. I now have a thorough picture of the entire D-Central ecosystem. Let me build the integration document. **"
OS-OSIP-001,2,referenced,4c70b8e3-f243-44e5-9765-fafa780c0c81; d6749805-4682-4cb9-9bca-2ef7428f32c9,"Cell({` — the `rows:[` needs `]` and the outer `Table({` needs `})`. The fix is line 253 needs `})]` → closes TableRow `})`, closes children array `]`, then `})]` closes rows array. Let me rewrite: **"
OS-SENSE-001,3,referenced,07b98c79-d110-43bb-b9b9-86e561cba7a9; 6a30ef92-529c-4547-b508-344b24823fe6; e6989afc-94a2-4f15-9048-efdd82490de7,"-borne bosses; and a costed BOM addition table — the entire fourteen-plane residential baseline lands at **~$765–1,505 per home**, under 20% of the canonical $7,930 Full-Structural figure.  **SYNC-B ("
