path:ID(DocSpec),title
DC-AGENT-CREDENTIAL-001.md,DC-AGENT-CREDENTIAL-001: Agent-Class DID Credential
DC-AGENT-OBSERVABILITY-001.md,DC-AGENT-OBSERVABILITY-001: Real-Time Multi-Tier Agent Monitoring
DC-BLOCKCHAIN-EDUCATION-FEDERATION-RECONCILED-001.md,"DC-BLOCKCHAIN-EDUCATION-FEDERATION-RECONCILED-001 — Blockchain-Integrated Educational Federation (Haiti), Consolidated (v1, generated 2026-09-05)"
DC-CHOPSHOP-PROJECT-DOCUMENTATION-RECONCILED-001.md,"DC-CHOPSHOP-PROJECT-DOCUMENTATION-RECONCILED-001 — ChopShop-CLI Project Documentation, Consolidated (v1, generated 2026-09-05)"
DC-CIVIC-DIVIDEND-001.md,DC-CIVIC-DIVIDEND-001: CivicDividendModule (Lakou Module Interface Standard)
DC-CIVIC-EDUCATION-001.md,DC-CIVIC-EDUCATION-001: Civic Competency Framework on D-Central Primitives
DC-CIVICMESH-FEDERATION-NOC-MUNICIPAL-RECONCILED-001.md,"DC-CIVICMESH-FEDERATION-NOC-MUNICIPAL-RECONCILED-001 — CivicMesh Federation, NOC & Municipal Deployment, Consolidated (v1, generated 2026-09-05)"
DC-CM-AUDIT-TRANSPARENCY-RECONCILED-001.md,"DC-CM-AUDIT-TRANSPARENCY-RECONCILED-001 — CivicMesh Governance Audit & Transparency, Consolidated (v1, generated 2026-09-05)"
DC-CM-COMMERCIAL-B2B-VEHICLE-FLEET-RECONCILED-001.md,"DC-CM-COMMERCIAL-B2B-VEHICLE-FLEET-RECONCILED-001 — CivicMesh Commercial Vehicle Network (B2B Fleet) Programme, Consolidated (v1, generated 2026-09-05)"
DC-CM-COMPETITIVE-RECONCILED-001.md,"DC-CM-COMPETITIVE-RECONCILED-001 — CivicMesh Competitive Positioning, Consolidated (v1, generated 2026-09-05)"
DC-CM-COOP-FINANCE-RECONCILED-001.md,"DC-CM-COOP-FINANCE-RECONCILED-001 — CivicMesh Cooperative Finance & Regulatory Compliance, Consolidated (v1, generated 2026-09-05)"
DC-CM-COOP-LEGAL-RECONCILED-001.md,"DC-CM-COOP-LEGAL-RECONCILED-001 — CivicMesh Cooperative Legal Structures, Consolidated (v1, generated 2026-09-05)"
DC-CM-GOV-FUNDING-RECONCILED-001.md,"DC-CM-GOV-FUNDING-RECONCILED-001 — CivicMesh Government Funding Applications, Consolidated (v1, generated 2026-09-05)"
DC-CM-INVESTOR-PITCH-RECONCILED-001.md,"DC-CM-INVESTOR-PITCH-RECONCILED-001 — CivicMesh Investor Pitch Decks, Consolidated (v1, generated 2026-09-05)"
DC-CM-ISC-LOAN-RECONCILED-001.md,"DC-CM-ISC-LOAN-RECONCILED-001 — CivicMesh ISC Grant Application Framework, Consolidated (v1, generated 2026-09-05)"
DC-CM-MITACS-RECONCILED-001.md,"DC-CM-MITACS-RECONCILED-001 — CivicMesh Mitacs Accelerate Applications, Consolidated (v1, generated 2026-09-05)"
DC-CM-NOC-DASHBOARD-RECONCILED-001.md,"DC-CM-NOC-DASHBOARD-RECONCILED-001 — CivicMesh NOC & Manager Dashboard Specifications, Consolidated (v1, generated 2026-09-05)"
DC-CM-OFFICER-PORTAL-RECONCILED-001.md,"DC-CM-OFFICER-PORTAL-RECONCILED-001 — CivicMesh Officer Portal & Municipal Training, Consolidated (v1, generated 2026-09-05)"
DC-CM-PARTNER-INCENTIVES-RECONCILED-001.md,"DC-CM-PARTNER-INCENTIVES-RECONCILED-001 — CivicMesh Partner & Government Incentive Programmes, Consolidated (v1, generated 2026-09-05)"
DC-CM-SECURITY-RESPONSE-RECONCILED-001.md,"DC-CM-SECURITY-RESPONSE-RECONCILED-001 — CivicMesh Security Response Ops & Training, Consolidated (v1, generated 2026-09-05)"
DC-CM-TECHNICIAN-CERT-RECONCILED-001.md,"DC-CM-TECHNICIAN-CERT-RECONCILED-001 — CivicMesh Technician Certification & Training, Consolidated (v1, generated 2026-09-05)"
DC-CM-TM-ARTICLES-RECONCILED-001.md,"DC-CM-TM-ARTICLES-RECONCILED-001 — CivicMesh & TrafficMesh Articles of Incorporation, Consolidated (v1, generated 2026-09-05)"
DC-CM-TM-GRANT-FUNDING-RECONCILED-001.md,"DC-CM-TM-GRANT-FUNDING-RECONCILED-001 — CivicMesh/TrafficMesh IRAP & SR&ED Funding Documentation, Consolidated (v1, generated 2026-09-05)"
DC-CM-UNIT-ECONOMICS-RECONCILED-001.md,"DC-CM-UNIT-ECONOMICS-RECONCILED-001 — CivicMesh Financial Unit Economics, Consolidated (v1, generated 2026-09-05)"
DC-COMPETITIVE-STRATEGY-RECONCILED-001.md,"DC-COMPETITIVE-STRATEGY-RECONCILED-001 — D-Central Competitive Strategy Analysis, Consolidated (v1, generated 2026-09-05)"
DC-COMPTIA-A-PLATFORM-RECONCILED-001.md,"DC-COMPTIA-A-PLATFORM-RECONCILED-001 — CompTIA A+ Master Learning Platform, Consolidated (v1, generated 2026-09-05)"
DC-COMPUTE-SILICON-ARCH-001.md,"DC-COMPUTE-SILICON-ARCH-001 — Compute Silicon Class Architecture (v1, generated 2026-09-07)"
DC-CS-HOA-DEPLOYMENT-RECONCILED-001.md,"DC-CS-HOA-DEPLOYMENT-RECONCILED-001 — CommunityShield HOA/Condo Deployment Package, Consolidated (v1, generated 2026-09-05)"
DC-DAO-AGENT-LOOP-001.md,DC-DAO-AGENT-LOOP-001: Recursive DAO-Agent Governance — Implementation Spec
DC-DAO-AGENT-LOOP-USER-STORIES-001.md,DC-DAO-AGENT-LOOP-USER-STORIES-001: End-to-End User Stories
DC-DCENTRAL-CORE-NARRATIVE-ANALYSIS-RECONCILED-001.md,"DC-DCENTRAL-CORE-NARRATIVE-ANALYSIS-RECONCILED-001 — D-Central Core Narrative & Critical Analysis, Consolidated (v1, generated 2026-09-05)"
DC-DCENTRAL-PRESENTATION-DECKS-RECONCILED-001.md,"DC-DCENTRAL-PRESENTATION-DECKS-RECONCILED-001 — D-Central/CivicMesh Presentation Decks, Consolidated (v1, generated 2026-09-05)"
DC-DCENTRAL-SIMULATION-LAB-RECONCILED-001.md,"DC-DCENTRAL-SIMULATION-LAB-RECONCILED-001 — D-Central Simulation Lab Programme (DC-SIM Suite), Consolidated (v1, generated 2026-09-05)"
DC-DEV-OS-RECONCILED-001.md,"DC-DEV-OS-RECONCILED-001 — D-Central Ecosystem OS & Developer Platform, Consolidated (v1, generated 2026-09-05)"
DC-DIGITAL-COMMUNITY-PARTICIPATION-PLATFORMS-RECONCILED-001.md,"DC-DIGITAL-COMMUNITY-PARTICIPATION-PLATFORMS-RECONCILED-001 — Digital Community Participation Platforms, Consolidated (v1, generated 2026-09-05)"
DC-DION-API-BACKEND-RECONCILED-001.md,"DC-DION-API-BACKEND-RECONCILED-001 — DION Platform API & Backend Architecture, Consolidated (v1, generated 2026-09-05)"
DC-DION-EXPANSION-EXPLANATION-RECONCILED-001.md,"DC-DION-EXPANSION-EXPLANATION-RECONCILED-001 — Decentralized Intelligence Platform Expansion & Explanation, Consolidated (v1, generated 2026-09-05)"
DC-DION-OPERATOR-DEPLOYMENT-RECONCILED-001.md,"DC-DION-OPERATOR-DEPLOYMENT-RECONCILED-001 — DION Operator Deployment & Vision Companion, Consolidated (v1, generated 2026-09-05)"
DC-DION-PLATFORM-TECHNICAL-ARCHITECTURE-RECONCILED-001.md,"DC-DION-PLATFORM-TECHNICAL-ARCHITECTURE-RECONCILED-001 — DION Platform Technical Architecture & Scaffolding, Consolidated (v1, generated 2026-09-05)"
DC-DION-RECONCILED-001.md,"DC-DION-RECONCILED-001 — D-Central Intelligence & Operator Network (DION), Consolidated (v2, updated 2026-09-04)"
DC-DRONE-HARDWARE-RECONCILED-001.md,"DC-DRONE-HARDWARE-RECONCILED-001 — Haiti Drone Cooperative Hardware Selection, Consolidated (v1, generated 2026-09-05)"
DC-ECONOMIC-CRITIQUES-RECONCILED-001.md,"DC-ECONOMIC-CRITIQUES-RECONCILED-001 — D-Central Expansion Critical Analyses, Consolidated (v1, generated 2026-09-05)"
DC-EXPERT-DAO-001.md,"DC-EXPERT-DAO-001: Credentialed Expert Review, Advisory & Bounty Network"
DC-EXPERT-REVIEW-001.md,"DC-EXPERT-REVIEW-001: Credentialed Sign-Off, Review DAOs & Expert Guilds"
DC-FEDIFLOW-ACADEMIC-RECONCILED-001.md,"DC-FEDIFLOW-ACADEMIC-RECONCILED-001 — FediFlow Academic Institution Services, Consolidated (v1, generated 2026-09-05)"
DC-FLP-SOVEREIGNTY-RECONCILED-001.md,"DC-FLP-SOVEREIGNTY-RECONCILED-001 — Federated Learning Platform: Community Sovereignty & Cooperative Economics, Consolidated (v1, generated 2026-09-05)"
DC-HAITI-COOPERATIVE-RESILIENCE-FRAMEWORK-RECONCILED-001.md,"DC-HAITI-COOPERATIVE-RESILIENCE-FRAMEWORK-RECONCILED-001 — Haiti Cooperative Resilience Framework, Consolidated (v1, generated 2026-09-05)"
DC-HAITI-INTEGRATION-PLATFORMS-RECONCILED-001.md,"DC-HAITI-INTEGRATION-PLATFORMS-RECONCILED-001 — Haiti Integration Platforms (Drone Zoe / D-Central Ecosystem), Consolidated (v1, generated 2026-09-05)"
DC-HAITI-SECURITY-OUTREACH-RECONCILED-001.md,"DC-HAITI-SECURITY-OUTREACH-RECONCILED-001 — Haiti Open-Source Security Framework Outreach, Consolidated (v1, generated 2026-09-05)"
DC-HCCC-GRAPHRAG-RECONCILED-001.md,"DC-HCCC-GRAPHRAG-RECONCILED-001 — HCCC GraphRAG/GraphQL System, Consolidated (v1, generated 2026-09-05)"
DC-IHOSE-ARCHITECTURE-DEPLOYMENT-RECONCILED-001.md,"DC-IHOSE-ARCHITECTURE-DEPLOYMENT-RECONCILED-001 — IHOSE Architecture & OpenVision Deployment, Consolidated (v1, generated 2026-09-05)"
DC-IHOSE-BUSINESS-STRATEGY-RECONCILED-001.md,"DC-IHOSE-BUSINESS-STRATEGY-RECONCILED-001 — OpenVision (IHOSE) Business Strategy Documents, Consolidated (v1, generated 2026-09-05)"
DC-IHOSE-BUSINESS-SUMMARIES-RECONCILED-001.md,"DC-IHOSE-BUSINESS-SUMMARIES-RECONCILED-001 — OpenVision (IHOSE) Business Summaries, Consolidated (v1, generated 2026-09-05)"
DC-IHOSE-DEPLOYMENT-INFRA-RECONCILED-001.md,"DC-IHOSE-DEPLOYMENT-INFRA-RECONCILED-001 — OpenVision (IHOSE) Deployment Infrastructure, Consolidated (v1, generated 2026-09-05)"
DC-IHOSE-FEDERATION-ECOSYSTEM-RECONCILED-001.md,"DC-IHOSE-FEDERATION-ECOSYSTEM-RECONCILED-001 — Iron Horse Security (IHOSE) Federation & Ecosystem Partnership Framework, Consolidated (v1, generated 2026-09-05)"
DC-IHOSE-HARDWARE-BOM-RECONCILED-001.md,"DC-IHOSE-HARDWARE-BOM-RECONCILED-001 — OpenVision (IHOSE) Hardware Bill of Materials, Consolidated (v1, generated 2026-09-05)"
DC-IHOSE-MODULE-DEV-RECONCILED-001.md,"DC-IHOSE-MODULE-DEV-RECONCILED-001 — OpenVision Module Development, Consolidated (v1, generated 2026-09-05)"
DC-IHOSE-OPENVISION-DOCUMENTATION-PACKAGE-RECONCILED-001.md,"DC-IHOSE-OPENVISION-DOCUMENTATION-PACKAGE-RECONCILED-001 — IHOSE OpenVision Documentation Package, Consolidated (v1, generated 2026-09-05)"
DC-IHOSE-QUICKSTART-RECONCILED-001.md,"DC-IHOSE-QUICKSTART-RECONCILED-001 — OpenVision Platform Quick Start & Installation, Consolidated (v1, generated 2026-09-05)"
DC-IHOSE-USE-CASES-RECONCILED-001.md,"DC-IHOSE-USE-CASES-RECONCILED-001 — OpenVision Use Cases & Business Models, Consolidated (v1, generated 2026-09-05)"
DC-IOT-BLUEPRINT-RECONCILED-001.md,"DC-IOT-BLUEPRINT-RECONCILED-001 — D-Central IoT Device Integration Blueprint, Consolidated (v1, generated 2026-09-05)"
DC-KNOWLEDGE-LAYERS-001.md,DC-KNOWLEDGE-LAYERS-001: Additional Layers Over the Archive Tier (Brainstorm)
DC-LIVESTREAM-OVERLAY-RECONCILED-001.md,"DC-LIVESTREAM-OVERLAY-RECONCILED-001 — D-Central Live Development Chatbot & Overlay System, Consolidated (v1, generated 2026-09-05)"
DC-LKB-001.md,Lakou — Cooperative Family Banking Protocol
DC-LKB-002.md,Lakou — Technical Specification
DC-LKB-003.md,Lakou Protocol v2 — Universal Decentralized Banking Operating System
DC-MESH-COOP-BUSINESS-RECONCILED-001.md,"DC-MESH-COOP-BUSINESS-RECONCILED-001 — Mesh Economy Cooperative Business Models, Consolidated (v1, generated 2026-09-05)"
DC-MESH-COOPERATIVE-BUSINESS-MODEL-RECONCILED-001.md,"DC-MESH-COOPERATIVE-BUSINESS-MODEL-RECONCILED-001 — Mesh Cooperative Business Model Framework, Consolidated (v1, generated 2026-09-05)"
DC-MESH-FOOD-ECONOMY-RECONCILED-001.md,"DC-MESH-FOOD-ECONOMY-RECONCILED-001 — Mesh Food Economy Business Models, Consolidated (v1, generated 2026-09-05)"
DC-MESHNAV-RECONCILED-001.md,"DC-MESHNAV-RECONCILED-001 — MeshNav Architecture & Data Pipeline, Consolidated (v1, generated 2026-09-05)"
DC-MESHPLATE-PRIVACY-COMPLIANCE-RECONCILED-001.md,"DC-MESHPLATE-PRIVACY-COMPLIANCE-RECONCILED-001 — MeshPlate Federation & CivicMesh Privacy Compliance, Consolidated (v1, generated 2026-09-05)"
DC-MESHSTORAGE-ARCHIVE-001.md,DC-MESHSTORAGE-ARCHIVE-001: Permanent-Archive Tier of mesh-storage
DC-NETWORKING-ARCH-RECONCILED-001.md,"DC-NETWORKING-ARCH-RECONCILED-001 — D-Central Networking Architecture, Consolidated (v1, generated 2026-09-05)"
DC-OBCC-SECTOR-RECONCILED-001.md,"DC-OBCC-SECTOR-RECONCILED-001 — D-Central x OBCC Sector Implementation, Consolidated (v1, generated 2026-09-05)"
DC-OPENPIV-PACS-INTEGRATION-RECONCILED-001.md,"DC-OPENPIV-PACS-INTEGRATION-RECONCILED-001 — OpenPIV + OS-PACS Integration Suite, Consolidated (v1, generated 2026-09-05)"
DC-OPENSECURE-GUARDIAN-SENTINEL-ARCH-RECONCILED-001.md,"DC-OPENSECURE-GUARDIAN-SENTINEL-ARCH-RECONCILED-001 — OS-GUARDIAN & OS-SENTINEL Technical Architecture, Consolidated (v1, generated 2026-09-05)"
DC-OPENSECURE-GUARDIAN-SENTINEL-TOPOLOGY-RECONCILED-001.md,"DC-OPENSECURE-GUARDIAN-SENTINEL-TOPOLOGY-RECONCILED-001 — OS-GUARDIAN & OS-SENTINEL Network Topology, Consolidated (v1, generated 2026-09-05)"
DC-OPENSECURE-OPENPIV-SUBSYSTEM-RECONCILED-001.md,"DC-OPENSECURE-OPENPIV-SUBSYSTEM-RECONCILED-001 — OpenSecure OpenPIV Subsystem, Consolidated (v1, generated 2026-09-05)"
DC-OPENSECURE-OS-CONCIERGE-TOPOLOGY-RECONCILED-001.md,"DC-OPENSECURE-OS-CONCIERGE-TOPOLOGY-RECONCILED-001 — OS-CONCIERGE Logical & Network Topology, Consolidated (v1, generated 2026-09-05)"
DC-OPENSECURE-OS-DRONE-ADVANCED-RECONCILED-001.md,"DC-OPENSECURE-OS-DRONE-ADVANCED-RECONCILED-001 — OS-DRONE Advanced Visual Intelligence & Spatial Federation, Consolidated (v1, generated 2026-09-05)"
DC-OPENSECURE-OS-DRONE-RECONCILED-001.md,"DC-OPENSECURE-OS-DRONE-RECONCILED-001 — OpenSecure OS-DRONE Subsystem, Consolidated (v1, generated 2026-09-05)"
DC-OPENSECURE-PATROL-SENTINEL-IMPL-RECONCILED-001.md,"DC-OPENSECURE-PATROL-SENTINEL-IMPL-RECONCILED-001 — OS-PATROL & OS-SENTINEL Implementation Guides, Consolidated (v1, generated 2026-09-05)"
DC-OPENSECURE-PER-SERVICE-IMPL-GUIDES-RECONCILED-001.md,"DC-OPENSECURE-PER-SERVICE-IMPL-GUIDES-RECONCILED-001 — OpenSecure Per-Service Implementation Guides, Consolidated (v1, generated 2026-09-05)"
DC-OPENSECURE-PROVINCIAL-PIV-CREDENTIAL-RECONCILED-001.md,"DC-OPENSECURE-PROVINCIAL-PIV-CREDENTIAL-RECONCILED-001 — OpenSecure Provincial Security Network: PIV & Credentialing, Consolidated (v1, generated 2026-09-05)"
DC-OPENSECURE-SECTOR-USE-CASE-RECONCILED-001.md,"DC-OPENSECURE-SECTOR-USE-CASE-RECONCILED-001 — OpenSecure Sector Use-Case Analyses, Consolidated (v1, generated 2026-09-05)"
DC-OPENSECURE-TOPOLOGY-DOCUMENTATION-SUITE-RECONCILED-001.md,"DC-OPENSECURE-TOPOLOGY-DOCUMENTATION-SUITE-RECONCILED-001 — OpenSecure Topology Documentation Suite, Consolidated (v1, generated 2026-09-05)"
DC-PROVINCIAL-SECURITY-NETWORK-RECONCILED-001.md,"DC-PROVINCIAL-SECURITY-NETWORK-RECONCILED-001 — Provincial Security Network Programs, Consolidated (v1, generated 2026-09-05)"
DC-REINVEST-PROCUREMENT-RECONCILED-001.md,"DC-REINVEST-PROCUREMENT-RECONCILED-001 — D-Central Reinvestment & Procurement Plans, Consolidated (v1, generated 2026-09-05)"
DC-SECURITY-ECOSYSTEM-SECTOR-PLATFORMS-RECONCILED-001.md,"DC-SECURITY-ECOSYSTEM-SECTOR-PLATFORMS-RECONCILED-001 — Security Ecosystem Sector Platforms, Consolidated (v1, generated 2026-09-05)"
DC-STATUS-001.md,DC-STATUS-001: Honesty-Discipline Gap Register (Reconstruction)
DC-TRAFFICMESH-CITY-FLEET-RECONCILED-001.md,"DC-TRAFFICMESH-CITY-FLEET-RECONCILED-001 — TrafficMesh City Fleet Deployment, Consolidated (v1, generated 2026-09-05)"
DC-TRAFFICMESH-INSURANCE-INTEGRATION-RECONCILED-001.md,"DC-TRAFFICMESH-INSURANCE-INTEGRATION-RECONCILED-001 — TrafficMesh/CivicMesh Insurance Integration & Revenue, Consolidated (v1, generated 2026-09-05)"
DC-TRAFFICMESH-LEGAL-RECONCILED-001.md,"DC-TRAFFICMESH-LEGAL-RECONCILED-001 — TrafficMesh Legal & Regulatory Compliance, Consolidated (v1, generated 2026-09-05)"
DC-TRAFFICMESH-OTTAWA-GOV-ENGAGEMENT-RECONCILED-001.md,"DC-TRAFFICMESH-OTTAWA-GOV-ENGAGEMENT-RECONCILED-001 — TrafficMesh Ottawa Government Engagement, Consolidated (v1, generated 2026-09-05)"
DC-TRAFFICMESH-REGULATORY-RECONCILED-001.md,"DC-TRAFFICMESH-REGULATORY-RECONCILED-001 — TrafficMesh Regulatory Compliance, Consolidated (v1, generated 2026-09-05)"
DC-VENTURE-GOVERNANCE-PROTOCOL-SUITE-RECONCILED-001.md,"DC-VENTURE-GOVERNANCE-PROTOCOL-SUITE-RECONCILED-001 — D-Central Venture & Governance Protocol Suite, Consolidated (v1, generated 2026-09-05)"
DC-VERIFIABLE-ROLLOUT-001.md,DC-VERIFIABLE-ROLLOUT-001: Verifiable Progressive Rollout Primitive
NEO4J-RASPBERRY-PI-SETUP.md,"Running Neo4j on a Raspberry Pi, for this repo's graph layer"
PLATFORM_ARCHITECTURE.md,FieldOps Platform — Technical Architecture
SECURITY_AUDIT.md,Security Review — dcentral-fieldops
UNIFIED_SOURCE_OF_TRUTH_V24.md,UNIFIED SOURCE OF TRUTH — COMPLETE TAXONOMY
