:START_ID(Topic),:END_ID(ConsolidatedDoc)
blockchain-education-federation,docs/DC-BLOCKCHAIN-EDUCATION-FEDERATION-RECONCILED-001.md
chopshop-project-documentation,docs/DC-CHOPSHOP-PROJECT-DOCUMENTATION-RECONCILED-001.md
civicmesh-competitive-analysis,docs/DC-CM-COMPETITIVE-RECONCILED-001.md
civicmesh-cooperative-finance-regulatory,docs/DC-CM-COOP-FINANCE-RECONCILED-001.md
civicmesh-cooperative-legal-structures,docs/DC-CM-COOP-LEGAL-RECONCILED-001.md
civicmesh-federation-noc-municipal-deployment,docs/DC-CIVICMESH-FEDERATION-NOC-MUNICIPAL-RECONCILED-001.md
civicmesh-financial-unit-economics,docs/DC-CM-UNIT-ECONOMICS-RECONCILED-001.md
civicmesh-governance-audit-transparency,docs/DC-CM-AUDIT-TRANSPARENCY-RECONCILED-001.md
civicmesh-government-funding-applications,docs/DC-CM-GOV-FUNDING-RECONCILED-001.md
civicmesh-investor-pitch-decks,docs/DC-CM-INVESTOR-PITCH-RECONCILED-001.md
civicmesh-isc-loan-application,docs/DC-CM-ISC-LOAN-RECONCILED-001.md
civicmesh-mitacs-accelerate-applications,docs/DC-CM-MITACS-RECONCILED-001.md
civicmesh-noc-manager-dashboard-specifications,docs/DC-CM-NOC-DASHBOARD-RECONCILED-001.md
civicmesh-officer-portal-municipal-training,docs/DC-CM-OFFICER-PORTAL-RECONCILED-001.md
civicmesh-partner-incentive-programmes,docs/DC-CM-PARTNER-INCENTIVES-RECONCILED-001.md
civicmesh-security-response-training,docs/DC-CM-SECURITY-RESPONSE-RECONCILED-001.md
civicmesh-technician-certification-training,docs/DC-CM-TECHNICIAN-CERT-RECONCILED-001.md
civicmesh-trafficmesh-articles-of-incorporation,docs/DC-CM-TM-ARTICLES-RECONCILED-001.md
civicmesh-trafficmesh-grant-funding-applications,docs/DC-CM-TM-GRANT-FUNDING-RECONCILED-001.md
commercial-b2b-vehicle-fleet-programme,docs/DC-CM-COMMERCIAL-B2B-VEHICLE-FLEET-RECONCILED-001.md
communityshield-hoa-deployment-package,docs/DC-CS-HOA-DEPLOYMENT-RECONCILED-001.md
comptia-a-learning-platform,docs/DC-COMPTIA-A-PLATFORM-RECONCILED-001.md
dcentral-competitive-strategy-analysis,docs/DC-COMPETITIVE-STRATEGY-RECONCILED-001.md
dcentral-core-narrative-analysis,docs/DC-DCENTRAL-CORE-NARRATIVE-ANALYSIS-RECONCILED-001.md
dcentral-developer-ecosystem-os-specs,docs/DC-DEV-OS-RECONCILED-001.md
dcentral-economic-model-critiques,docs/DC-ECONOMIC-CRITIQUES-RECONCILED-001.md
dcentral-iot-integration-blueprint,docs/DC-IOT-BLUEPRINT-RECONCILED-001.md
dcentral-networking-architecture,docs/DC-NETWORKING-ARCH-RECONCILED-001.md
dcentral-obcc-sector-implementation,docs/DC-OBCC-SECTOR-RECONCILED-001.md
dcentral-presentation-decks,docs/DC-DCENTRAL-PRESENTATION-DECKS-RECONCILED-001.md
dcentral-reinvestment-procurement-plans,docs/DC-REINVEST-PROCUREMENT-RECONCILED-001.md
dcentral-simulation-lab-programme,docs/DC-DCENTRAL-SIMULATION-LAB-RECONCILED-001.md
dcentral-venture-governance-protocol-suite,docs/DC-VENTURE-GOVERNANCE-PROTOCOL-SUITE-RECONCILED-001.md
digital-community-participation-platforms,docs/DC-DIGITAL-COMMUNITY-PARTICIPATION-PLATFORMS-RECONCILED-001.md
dion-operator-deployment-credentialing,docs/DC-DION-OPERATOR-DEPLOYMENT-RECONCILED-001.md
dion-platform-api-backend-architecture,docs/DC-DION-API-BACKEND-RECONCILED-001.md
dion-platform-expansion-explanation,docs/DC-DION-EXPANSION-EXPLANATION-RECONCILED-001.md
dion-platform-technical-architecture,docs/DC-DION-PLATFORM-TECHNICAL-ARCHITECTURE-RECONCILED-001.md
drone-zoe-hardware-selection-guides,docs/DC-DRONE-HARDWARE-RECONCILED-001.md
federated-learning-platform-community-sovereignty-cooperative,docs/DC-FLP-SOVEREIGNTY-RECONCILED-001.md
fediverse-academic-institution-services,docs/DC-FEDIFLOW-ACADEMIC-RECONCILED-001.md
haiti-cooperative-resilience-framework,docs/DC-HAITI-COOPERATIVE-RESILIENCE-FRAMEWORK-RECONCILED-001.md
haiti-graphrag-graphql-system,docs/DC-HCCC-GRAPHRAG-RECONCILED-001.md
haiti-integration-platforms,docs/DC-HAITI-INTEGRATION-PLATFORMS-RECONCILED-001.md
haiti-security-framework-outreach,docs/DC-HAITI-SECURITY-OUTREACH-RECONCILED-001.md
ihose-architecture-deployment,docs/DC-IHOSE-ARCHITECTURE-DEPLOYMENT-RECONCILED-001.md
ihose-business-strategy-documents,docs/DC-IHOSE-BUSINESS-STRATEGY-RECONCILED-001.md
ihose-business-summaries,docs/DC-IHOSE-BUSINESS-SUMMARIES-RECONCILED-001.md
ihose-deployment-infrastructure,docs/DC-IHOSE-DEPLOYMENT-INFRA-RECONCILED-001.md
ihose-federation-ecosystem-partnership-framework,docs/DC-IHOSE-FEDERATION-ECOSYSTEM-RECONCILED-001.md
ihose-hardware-bom,docs/DC-IHOSE-HARDWARE-BOM-RECONCILED-001.md
ihose-module-development,docs/DC-IHOSE-MODULE-DEV-RECONCILED-001.md
ihose-openvision-documentation-package,docs/DC-IHOSE-OPENVISION-DOCUMENTATION-PACKAGE-RECONCILED-001.md
ihose-quickstart-install,docs/DC-IHOSE-QUICKSTART-RECONCILED-001.md
ihose-use-cases-business-models,docs/DC-IHOSE-USE-CASES-RECONCILED-001.md
livestream-overlay-chatbot-system,docs/DC-LIVESTREAM-OVERLAY-RECONCILED-001.md
mesh-cooperative-business-model-framework,docs/DC-MESH-COOPERATIVE-BUSINESS-MODEL-RECONCILED-001.md
mesh-cooperative-business-models,docs/DC-MESH-COOP-BUSINESS-RECONCILED-001.md
mesh-food-economy-business-models,docs/DC-MESH-FOOD-ECONOMY-RECONCILED-001.md
meshnav-architecture-data-pipeline,docs/DC-MESHNAV-RECONCILED-001.md
meshplate-federation-privacy-compliance,docs/DC-MESHPLATE-PRIVACY-COMPLIANCE-RECONCILED-001.md
openpiv-pacs-integration-suite,docs/DC-OPENPIV-PACS-INTEGRATION-RECONCILED-001.md
opensecure-guardian-sentinel-architecture,docs/DC-OPENSECURE-GUARDIAN-SENTINEL-ARCH-RECONCILED-001.md
opensecure-guardian-sentinel-topology,docs/DC-OPENSECURE-GUARDIAN-SENTINEL-TOPOLOGY-RECONCILED-001.md
opensecure-openpiv-subsystem,docs/DC-OPENSECURE-OPENPIV-SUBSYSTEM-RECONCILED-001.md
opensecure-os-concierge-topology,docs/DC-OPENSECURE-OS-CONCIERGE-TOPOLOGY-RECONCILED-001.md
opensecure-os-drone-advanced-capabilities,docs/DC-OPENSECURE-OS-DRONE-ADVANCED-RECONCILED-001.md
opensecure-os-drone-subsystem,docs/DC-OPENSECURE-OS-DRONE-RECONCILED-001.md
opensecure-patrol-sentinel-implementation,docs/DC-OPENSECURE-PATROL-SENTINEL-IMPL-RECONCILED-001.md
opensecure-per-service-implementation-guides,docs/DC-OPENSECURE-PER-SERVICE-IMPL-GUIDES-RECONCILED-001.md
opensecure-provincial-security-network,docs/DC-OPENSECURE-PROVINCIAL-PIV-CREDENTIAL-RECONCILED-001.md
opensecure-sector-use-case-analyses,docs/DC-OPENSECURE-SECTOR-USE-CASE-RECONCILED-001.md
opensecure-topology-documentation-suite,docs/DC-OPENSECURE-TOPOLOGY-DOCUMENTATION-SUITE-RECONCILED-001.md
provincial-security-network-programs,docs/DC-PROVINCIAL-SECURITY-NETWORK-RECONCILED-001.md
security-ecosystem-sector-platforms,docs/DC-SECURITY-ECOSYSTEM-SECTOR-PLATFORMS-RECONCILED-001.md
trafficmesh-city-fleet-deployment,docs/DC-TRAFFICMESH-CITY-FLEET-RECONCILED-001.md
trafficmesh-insurance-integration-revenue,docs/DC-TRAFFICMESH-INSURANCE-INTEGRATION-RECONCILED-001.md
trafficmesh-legal-regulatory-compliance,docs/DC-TRAFFICMESH-LEGAL-RECONCILED-001.md
trafficmesh-ontario-regulatory-compliance,docs/DC-TRAFFICMESH-REGULATORY-RECONCILED-001.md
trafficmesh-ottawa-government-engagement,docs/DC-TRAFFICMESH-OTTAWA-GOV-ENGAGEMENT-RECONCILED-001.md
