name:ID(Topic),doc_count
blockchain-education-federation,6
chopshop-project-documentation,17
civicmesh-competitive-analysis,2
civicmesh-cooperative-finance-regulatory,2
civicmesh-cooperative-legal-structures,2
civicmesh-federation-noc-municipal-deployment,5
civicmesh-financial-unit-economics,2
civicmesh-governance-audit-transparency,2
civicmesh-government-funding-applications,4
civicmesh-investor-pitch-decks,4
civicmesh-isc-loan-application,2
civicmesh-mitacs-accelerate-applications,2
civicmesh-noc-manager-dashboard-specifications,3
civicmesh-officer-portal-municipal-training,3
civicmesh-partner-incentive-programmes,2
civicmesh-security-response-training,2
civicmesh-technician-certification-training,2
civicmesh-trafficmesh-articles-of-incorporation,2
civicmesh-trafficmesh-grant-funding-applications,3
commercial-b2b-vehicle-fleet-programme,5
communityshield-hoa-deployment-package,4
comptia-a-learning-platform,3
dcentral-competitive-strategy-analysis,3
dcentral-core-narrative-analysis,13
dcentral-developer-ecosystem-os-specs,2
dcentral-economic-model-critiques,2
dcentral-iot-integration-blueprint,2
dcentral-networking-architecture,2
dcentral-obcc-sector-implementation,2
dcentral-presentation-decks,11
dcentral-reinvestment-procurement-plans,3
dcentral-simulation-lab-programme,10
dcentral-venture-governance-protocol-suite,5
digital-community-participation-platforms,17
dion-operator-deployment-credentialing,4
dion-platform-api-backend-architecture,4
dion-platform-expansion-explanation,3
dion-platform-technical-architecture,5
drone-zoe-hardware-selection-guides,2
federated-learning-platform-community-sovereignty-cooperative,6
fediverse-academic-institution-services,2
haiti-cooperative-resilience-framework,11
haiti-graphrag-graphql-system,2
haiti-integration-platforms,12
haiti-security-framework-outreach,2
ihose-architecture-deployment,9
ihose-business-strategy-documents,4
ihose-business-summaries,5
ihose-deployment-infrastructure,4
ihose-federation-ecosystem-partnership-framework,4
ihose-hardware-bom,4
ihose-module-development,2
ihose-openvision-documentation-package,20
ihose-quickstart-install,3
ihose-use-cases-business-models,2
livestream-overlay-chatbot-system,3
mesh-cooperative-business-model-framework,6
mesh-cooperative-business-models,2
mesh-food-economy-business-models,4
meshnav-architecture-data-pipeline,2
meshplate-federation-privacy-compliance,4
openpiv-pacs-integration-suite,4
opensecure-guardian-sentinel-architecture,2
opensecure-guardian-sentinel-topology,2
opensecure-openpiv-subsystem,5
opensecure-os-concierge-topology,2
opensecure-os-drone-advanced-capabilities,2
opensecure-os-drone-subsystem,4
opensecure-patrol-sentinel-implementation,2
opensecure-per-service-implementation-guides,5
opensecure-provincial-security-network,6
opensecure-sector-use-case-analyses,5
opensecure-topology-documentation-suite,16
provincial-security-network-programs,5
security-ecosystem-sector-platforms,8
trafficmesh-city-fleet-deployment,3
trafficmesh-insurance-integration-revenue,5
trafficmesh-legal-regulatory-compliance,3
trafficmesh-ontario-regulatory-compliance,2
trafficmesh-ottawa-government-engagement,4
